transformation_type,input_items,output_items,metadata
crafting,"[""Iron Ingot""]","[""Block of Diamond"", ""Block of Gold"", ""Block of Iron""]","{""has_alternatives"": true}"
crafting,"[""Gold Ingot""]","[""Block of Diamond"", ""Block of Gold"", ""Block of Iron""]","{""has_alternatives"": true}"
crafting,"[""Diamond""]","[""Block of Diamond"", ""Block of Gold"", ""Block of Iron""]","{""has_alternatives"": true}"
crafting,"[""Iron Ingot""]","[""Block of Diamond"", ""Block of Gold"", ""Block of Iron""]","{""has_alternatives"": true}"
crafting,"[""Gold Ingot""]","[""Block of Diamond"", ""Block of Gold"", ""Block of Iron""]","{""has_alternatives"": true}"
crafting,"[""Diamond""]","[""Block of Diamond"", ""Block of Gold"", ""Block of Iron""]","{""has_alternatives"": true}"
crafting,"[""Oak Planks"", ""Light Gray Wool""]","[""Painting""]",{}
crafting,"[""White Wool"", ""Stick""]","[""Painting""]","{""has_alternatives"": true}"
crafting,"[""Stick"", ""Light Gray Wool""]","[""Painting""]","{""has_alternatives"": true}"
crafting,"[""Gray Wool"", ""Stick""]","[""Painting""]","{""has_alternatives"": true}"
crafting,"[""Black Wool"", ""Stick""]","[""Painting""]","{""has_alternatives"": true}"
crafting,"[""Brown Wool"", ""Stick""]","[""Painting""]","{""has_alternatives"": true}"
crafting,"[""Red Wool"", ""Stick""]","[""Painting""]","{""has_alternatives"": true}"
crafting,"[""Orange Wool"", ""Stick""]","[""Painting""]","{""has_alternatives"": true}"
crafting,"[""Yellow Wool"", ""Stick""]","[""Painting""]","{""has_alternatives"": true}"
crafting,"[""Lime Wool"", ""Stick""]","[""Painting""]","{""has_alternatives"": true}"
crafting,"[""Stick"", ""Green Wool""]","[""Painting""]","{""has_alternatives"": true}"
crafting,"[""Cyan Wool"", ""Stick""]","[""Painting""]","{""has_alternatives"": true}"
crafting,"[""Stick"", ""Light Blue Wool""]","[""Painting""]","{""has_alternatives"": true}"
crafting,"[""Blue Wool"", ""Stick""]","[""Painting""]","{""has_alternatives"": true}"
crafting,"[""Purple Wool"", ""Stick""]","[""Painting""]","{""has_alternatives"": true}"
crafting,"[""Magenta Wool"", ""Stick""]","[""Painting""]","{""has_alternatives"": true}"
crafting,"[""Pink Wool"", ""Stick""]","[""Painting""]","{""has_alternatives"": true}"
crafting,"[""Iron Ingot"", ""Feather"", ""Stick""]","[""Arrow""]",{}
crafting,"[""Flint"", ""Feather"", ""Stick""]","[""Arrow""]",{}
crafting,"[""Flint"", ""Iron Ingot""]","[""Flint and Steel""]",{}
crafting,"[""Flint"", ""Iron Ingot""]","[""Flint and Steel""]",{}
crafting,"[""Wheat""]","[""Bread""]",{}
crafting,"[""Wheat""]","[""Bread""]",{}
crafting,"[""Light Gray Wool""]","[""Leather Cap"", ""Leather Tunic"", ""Leather Boots"", ""Leather Pants""]","{""has_alternatives"": true}"
crafting,"[""Light Gray Wool""]","[""Leather Cap"", ""Leather Tunic"", ""Leather Boots"", ""Leather Pants""]","{""has_alternatives"": true}"
crafting,"[""Light Gray Wool""]","[""Leather Cap"", ""Leather Tunic"", ""Leather Boots"", ""Leather Pants""]","{""has_alternatives"": true}"
crafting,"[""Leather""]","[""Leather Cap"", ""Leather Tunic"", ""Leather Boots"", ""Leather Pants""]","{""has_alternatives"": true}"
crafting,"[""Leather""]","[""Leather Cap"", ""Leather Tunic"", ""Leather Boots"", ""Leather Pants""]","{""has_alternatives"": true}"
crafting,"[""Leather""]","[""Leather Cap"", ""Leather Tunic"", ""Leather Boots"", ""Leather Pants""]","{""has_alternatives"": true}"
crafting,"[""Cobblestone""]","[""Smooth Stone Slab""]",{}
crafting,"[""Cobblestone""]","[""Cobblestone Slab""]",{}
crafting,"[""Oak Planks""]","[""Stone Pressure Plate"", ""Oak Pressure Plate""]","{""has_alternatives"": true}"
crafting,"[""Stone""]","[""Stone Pressure Plate"", ""Oak Pressure Plate""]","{""has_alternatives"": true}"
crafting,"[""Oak Planks""]","[""Stone Pressure Plate"", ""Oak Pressure Plate""]","{""has_alternatives"": true}"
crafting,"[""Stone""]","[""Stone Pressure Plate"", ""Oak Pressure Plate""]","{""has_alternatives"": true}"
crafting,"[""String""]","[""White Wool""]",{}
crafting,"[""String""]","[""White Wool""]",{}
crafting,"[""Glowstone Dust""]","[""Glowstone""]",{}
crafting,"[""Glowstone Dust""]","[""Glowstone""]",{}
crafting,"[""Bowl"", ""Brown Mushroom""]","[""Mushroom Stew""]","{""has_alternatives"": true}"
crafting,"[""Red Mushroom"", ""Bowl""]","[""Mushroom Stew""]","{""has_alternatives"": true}"
crafting,"[""Red Mushroom"", ""Bowl"", ""Brown Mushroom""]","[""Mushroom Stew""]",{}
crafting,"[""Block of Gold"", ""Apple""]","[""Golden Apple""]",{}
crafting,"[""Apple"", ""Gold Nugget""]","[""Golden Apple""]",{}
crafting,"[""Apple"", ""Gold Nugget""]","[""Golden Apple""]",{}
crafting,"[""Gold Ingot"", ""Apple""]","[""Golden Apple""]",{}
crafting,"[""Snowball""]","[""Snow Block""]",{}
crafting,"[""Snowball""]","[""Snow Block""]",{}
crafting,"[""Paper""]","[""Book""]",{}
crafting,"[""Paper"", ""Leather""]","[""Book""]",{}
crafting,"[""Stick""]","[""Oak Fence""]",{}
crafting,"[""Stick"", ""Oak Planks""]","[""Oak Fence""]",{}
crafting,"[""Stone""]","[""Stone Button""]",{}
crafting,"[""Stone""]","[""Stone Button""]",{}
crafting,"[""Oak Fence""]","[""Composter""]","{""has_alternatives"": true}"
crafting,"[""Spruce Fence""]","[""Composter""]","{""has_alternatives"": true}"
crafting,"[""Acacia Fence""]","[""Composter""]","{""has_alternatives"": true}"
crafting,"[""Dark Oak Fence""]","[""Composter""]","{""has_alternatives"": true}"
crafting,"[""Birch Fence""]","[""Composter""]","{""has_alternatives"": true}"
crafting,"[""Jungle Fence""]","[""Composter""]","{""has_alternatives"": true}"
crafting,"[""Oak Slab""]","[""Composter""]","{""has_alternatives"": true}"
crafting,"[""Spruce Slab""]","[""Composter""]","{""has_alternatives"": true}"
crafting,"[""Acacia Slab""]","[""Composter""]","{""has_alternatives"": true}"
crafting,"[""Dark Oak Slab""]","[""Composter""]","{""has_alternatives"": true}"
crafting,"[""Birch Slab""]","[""Composter""]","{""has_alternatives"": true}"
crafting,"[""Jungle Slab""]","[""Composter""]","{""has_alternatives"": true}"
crafting,"[""Stick"", ""String""]","[""Brush""]",{}
crafting,"[""Copper Ingot"", ""Feather"", ""Stick""]","[""Brush""]",{}
crafting,"[""Light Gray Dye"", ""White Carpet""]","[""Cyan Carpet"", ""Light Blue Carpet"", ""Pink Carpet"", ""Orange Carpet"", ""Gray Carpet"", ""Black Carpet"", ""Magenta Carpet"", ""Red Carpet"", ""Green Carpet"", ""Blue Carpet"", ""Light Gray Carpet"", ""Purple Carpet"", ""Yellow Carpet"", ""Lime Carpet"", ""Brown Carpet""]","{""has_alternatives"": true}"
crafting,"[""Gray Dye"", ""White Carpet""]","[""Cyan Carpet"", ""Light Blue Carpet"", ""Pink Carpet"", ""Orange Carpet"", ""Gray Carpet"", ""Black Carpet"", ""Magenta Carpet"", ""Red Carpet"", ""Green Carpet"", ""Blue Carpet"", ""Light Gray Carpet"", ""Purple Carpet"", ""Yellow Carpet"", ""Lime Carpet"", ""Brown Carpet""]","{""has_alternatives"": true}"
crafting,"[""Black Dye"", ""White Carpet""]","[""Cyan Carpet"", ""Light Blue Carpet"", ""Pink Carpet"", ""Orange Carpet"", ""Gray Carpet"", ""Black Carpet"", ""Magenta Carpet"", ""Red Carpet"", ""Green Carpet"", ""Blue Carpet"", ""Light Gray Carpet"", ""Purple Carpet"", ""Yellow Carpet"", ""Lime Carpet"", ""Brown Carpet""]","{""has_alternatives"": true}"
crafting,"[""White Carpet"", ""Brown Dye""]","[""Cyan Carpet"", ""Light Blue Carpet"", ""Pink Carpet"", ""Orange Carpet"", ""Gray Carpet"", ""Black Carpet"", ""Magenta Carpet"", ""Red Carpet"", ""Green Carpet"", ""Blue Carpet"", ""Light Gray Carpet"", ""Purple Carpet"", ""Yellow Carpet"", ""Lime Carpet"", ""Brown Carpet""]","{""has_alternatives"": true}"
crafting,"[""White Carpet"", ""Red Dye""]","[""Cyan Carpet"", ""Light Blue Carpet"", ""Pink Carpet"", ""Orange Carpet"", ""Gray Carpet"", ""Black Carpet"", ""Magenta Carpet"", ""Red Carpet"", ""Green Carpet"", ""Blue Carpet"", ""Light Gray Carpet"", ""Purple Carpet"", ""Yellow Carpet"", ""Lime Carpet"", ""Brown Carpet""]","{""has_alternatives"": true}"
crafting,"[""Orange Dye"", ""White Carpet""]","[""Cyan Carpet"", ""Light Blue Carpet"", ""Pink Carpet"", ""Orange Carpet"", ""Gray Carpet"", ""Black Carpet"", ""Magenta Carpet"", ""Red Carpet"", ""Green Carpet"", ""Blue Carpet"", ""Light Gray Carpet"", ""Purple Carpet"", ""Yellow Carpet"", ""Lime Carpet"", ""Brown Carpet""]","{""has_alternatives"": true}"
crafting,"[""White Carpet"", ""Yellow Dye""]","[""Cyan Carpet"", ""Light Blue Carpet"", ""Pink Carpet"", ""Orange Carpet"", ""Gray Carpet"", ""Black Carpet"", ""Magenta Carpet"", ""Red Carpet"", ""Green Carpet"", ""Blue Carpet"", ""Light Gray Carpet"", ""Purple Carpet"", ""Yellow Carpet"", ""Lime Carpet"", ""Brown Carpet""]","{""has_alternatives"": true}"
crafting,"[""Lime Dye"", ""White Carpet""]","[""Cyan Carpet"", ""Light Blue Carpet"", ""Pink Carpet"", ""Orange Carpet"", ""Gray Carpet"", ""Black Carpet"", ""Magenta Carpet"", ""Red Carpet"", ""Green Carpet"", ""Blue Carpet"", ""Light Gray Carpet"", ""Purple Carpet"", ""Yellow Carpet"", ""Lime Carpet"", ""Brown Carpet""]","{""has_alternatives"": true}"
crafting,"[""White Carpet"", ""Green Dye""]","[""Cyan Carpet"", ""Light Blue Carpet"", ""Pink Carpet"", ""Orange Carpet"", ""Gray Carpet"", ""Black Carpet"", ""Magenta Carpet"", ""Red Carpet"", ""Green Carpet"", ""Blue Carpet"", ""Light Gray Carpet"", ""Purple Carpet"", ""Yellow Carpet"", ""Lime Carpet"", ""Brown Carpet""]","{""has_alternatives"": true}"
crafting,"[""Cyan Dye"", ""White Carpet""]","[""Cyan Carpet"", ""Light Blue Carpet"", ""Pink Carpet"", ""Orange Carpet"", ""Gray Carpet"", ""Black Carpet"", ""Magenta Carpet"", ""Red Carpet"", ""Green Carpet"", ""Blue Carpet"", ""Light Gray Carpet"", ""Purple Carpet"", ""Yellow Carpet"", ""Lime Carpet"", ""Brown Carpet""]","{""has_alternatives"": true}"
crafting,"[""White Carpet"", ""Light Blue Dye""]","[""Cyan Carpet"", ""Light Blue Carpet"", ""Pink Carpet"", ""Orange Carpet"", ""Gray Carpet"", ""Black Carpet"", ""Magenta Carpet"", ""Red Carpet"", ""Green Carpet"", ""Blue Carpet"", ""Light Gray Carpet"", ""Purple Carpet"", ""Yellow Carpet"", ""Lime Carpet"", ""Brown Carpet""]","{""has_alternatives"": true}"
crafting,"[""Blue Dye"", ""White Carpet""]","[""Cyan Carpet"", ""Light Blue Carpet"", ""Pink Carpet"", ""Orange Carpet"", ""Gray Carpet"", ""Black Carpet"", ""Magenta Carpet"", ""Red Carpet"", ""Green Carpet"", ""Blue Carpet"", ""Light Gray Carpet"", ""Purple Carpet"", ""Yellow Carpet"", ""Lime Carpet"", ""Brown Carpet""]","{""has_alternatives"": true}"
crafting,"[""White Carpet"", ""Purple Dye""]","[""Cyan Carpet"", ""Light Blue Carpet"", ""Pink Carpet"", ""Orange Carpet"", ""Gray Carpet"", ""Black Carpet"", ""Magenta Carpet"", ""Red Carpet"", ""Green Carpet"", ""Blue Carpet"", ""Light Gray Carpet"", ""Purple Carpet"", ""Yellow Carpet"", ""Lime Carpet"", ""Brown Carpet""]","{""has_alternatives"": true}"
crafting,"[""Magenta Dye"", ""White Carpet""]","[""Cyan Carpet"", ""Light Blue Carpet"", ""Pink Carpet"", ""Orange Carpet"", ""Gray Carpet"", ""Black Carpet"", ""Magenta Carpet"", ""Red Carpet"", ""Green Carpet"", ""Blue Carpet"", ""Light Gray Carpet"", ""Purple Carpet"", ""Yellow Carpet"", ""Lime Carpet"", ""Brown Carpet""]","{""has_alternatives"": true}"
crafting,"[""Pink Dye"", ""White Carpet""]","[""Cyan Carpet"", ""Light Blue Carpet"", ""Pink Carpet"", ""Orange Carpet"", ""Gray Carpet"", ""Black Carpet"", ""Magenta Carpet"", ""Red Carpet"", ""Green Carpet"", ""Blue Carpet"", ""Light Gray Carpet"", ""Purple Carpet"", ""Yellow Carpet"", ""Lime Carpet"", ""Brown Carpet""]","{""has_alternatives"": true}"
crafting,"[""White Carpet""]","[""Cyan Carpet"", ""Light Blue Carpet"", ""White Carpet"", ""Pink Carpet"", ""Orange Carpet"", ""Gray Carpet"", ""Black Carpet"", ""Magenta Carpet"", ""Red Carpet"", ""Green Carpet"", ""Blue Carpet"", ""Light Gray Carpet"", ""Purple Carpet"", ""Yellow Carpet"", ""Lime Carpet"", ""Brown Carpet""]","{""has_alternatives"": true}"
crafting,"[""Light Gray Carpet""]","[""Cyan Carpet"", ""Light Blue Carpet"", ""White Carpet"", ""Pink Carpet"", ""Orange Carpet"", ""Gray Carpet"", ""Black Carpet"", ""Magenta Carpet"", ""Red Carpet"", ""Green Carpet"", ""Blue Carpet"", ""Light Gray Carpet"", ""Purple Carpet"", ""Yellow Carpet"", ""Lime Carpet"", ""Brown Carpet""]","{""has_alternatives"": true}"
crafting,"[""Gray Carpet""]","[""Cyan Carpet"", ""Light Blue Carpet"", ""White Carpet"", ""Pink Carpet"", ""Orange Carpet"", ""Gray Carpet"", ""Black Carpet"", ""Magenta Carpet"", ""Red Carpet"", ""Green Carpet"", ""Blue Carpet"", ""Light Gray Carpet"", ""Purple Carpet"", ""Yellow Carpet"", ""Lime Carpet"", ""Brown Carpet""]","{""has_alternatives"": true}"
crafting,"[""Black Carpet""]","[""Cyan Carpet"", ""Light Blue Carpet"", ""White Carpet"", ""Pink Carpet"", ""Orange Carpet"", ""Gray Carpet"", ""Black Carpet"", ""Magenta Carpet"", ""Red Carpet"", ""Green Carpet"", ""Blue Carpet"", ""Light Gray Carpet"", ""Purple Carpet"", ""Yellow Carpet"", ""Lime Carpet"", ""Brown Carpet""]","{""has_alternatives"": true}"
crafting,"[""Brown Carpet""]","[""Cyan Carpet"", ""Light Blue Carpet"", ""White Carpet"", ""Pink Carpet"", ""Orange Carpet"", ""Gray Carpet"", ""Black Carpet"", ""Magenta Carpet"", ""Red Carpet"", ""Green Carpet"", ""Blue Carpet"", ""Light Gray Carpet"", ""Purple Carpet"", ""Yellow Carpet"", ""Lime Carpet"", ""Brown Carpet""]","{""has_alternatives"": true}"
crafting,"[""Red Carpet""]","[""Cyan Carpet"", ""Light Blue Carpet"", ""White Carpet"", ""Pink Carpet"", ""Orange Carpet"", ""Gray Carpet"", ""Black Carpet"", ""Magenta Carpet"", ""Red Carpet"", ""Green Carpet"", ""Blue Carpet"", ""Light Gray Carpet"", ""Purple Carpet"", ""Yellow Carpet"", ""Lime Carpet"", ""Brown Carpet""]","{""has_alternatives"": true}"
crafting,"[""Orange Carpet""]","[""Cyan Carpet"", ""Light Blue Carpet"", ""White Carpet"", ""Pink Carpet"", ""Orange Carpet"", ""Gray Carpet"", ""Black Carpet"", ""Magenta Carpet"", ""Red Carpet"", ""Green Carpet"", ""Blue Carpet"", ""Light Gray Carpet"", ""Purple Carpet"", ""Yellow Carpet"", ""Lime Carpet"", ""Brown Carpet""]","{""has_alternatives"": true}"
crafting,"[""Yellow Carpet""]","[""Cyan Carpet"", ""Light Blue Carpet"", ""White Carpet"", ""Pink Carpet"", ""Orange Carpet"", ""Gray Carpet"", ""Black Carpet"", ""Magenta Carpet"", ""Red Carpet"", ""Green Carpet"", ""Blue Carpet"", ""Light Gray Carpet"", ""Purple Carpet"", ""Yellow Carpet"", ""Lime Carpet"", ""Brown Carpet""]","{""has_alternatives"": true}"
crafting,"[""Lime Carpet""]","[""Cyan Carpet"", ""Light Blue Carpet"", ""White Carpet"", ""Pink Carpet"", ""Orange Carpet"", ""Gray Carpet"", ""Black Carpet"", ""Magenta Carpet"", ""Red Carpet"", ""Green Carpet"", ""Blue Carpet"", ""Light Gray Carpet"", ""Purple Carpet"", ""Yellow Carpet"", ""Lime Carpet"", ""Brown Carpet""]","{""has_alternatives"": true}"
crafting,"[""Green Carpet""]","[""Cyan Carpet"", ""Light Blue Carpet"", ""White Carpet"", ""Pink Carpet"", ""Orange Carpet"", ""Gray Carpet"", ""Black Carpet"", ""Magenta Carpet"", ""Red Carpet"", ""Green Carpet"", ""Blue Carpet"", ""Light Gray Carpet"", ""Purple Carpet"", ""Yellow Carpet"", ""Lime Carpet"", ""Brown Carpet""]","{""has_alternatives"": true}"
crafting,"[""Cyan Carpet""]","[""Cyan Carpet"", ""Light Blue Carpet"", ""White Carpet"", ""Pink Carpet"", ""Orange Carpet"", ""Gray Carpet"", ""Black Carpet"", ""Magenta Carpet"", ""Red Carpet"", ""Green Carpet"", ""Blue Carpet"", ""Light Gray Carpet"", ""Purple Carpet"", ""Yellow Carpet"", ""Lime Carpet"", ""Brown Carpet""]","{""has_alternatives"": true}"
crafting,"[""Light Blue Carpet""]","[""Cyan Carpet"", ""Light Blue Carpet"", ""White Carpet"", ""Pink Carpet"", ""Orange Carpet"", ""Gray Carpet"", ""Black Carpet"", ""Magenta Carpet"", ""Red Carpet"", ""Green Carpet"", ""Blue Carpet"", ""Light Gray Carpet"", ""Purple Carpet"", ""Yellow Carpet"", ""Lime Carpet"", ""Brown Carpet""]","{""has_alternatives"": true}"
crafting,"[""Blue Carpet""]","[""Cyan Carpet"", ""Light Blue Carpet"", ""White Carpet"", ""Pink Carpet"", ""Orange Carpet"", ""Gray Carpet"", ""Black Carpet"", ""Magenta Carpet"", ""Red Carpet"", ""Green Carpet"", ""Blue Carpet"", ""Light Gray Carpet"", ""Purple Carpet"", ""Yellow Carpet"", ""Lime Carpet"", ""Brown Carpet""]","{""has_alternatives"": true}"
crafting,"[""Purple Carpet""]","[""Cyan Carpet"", ""Light Blue Carpet"", ""White Carpet"", ""Pink Carpet"", ""Orange Carpet"", ""Gray Carpet"", ""Black Carpet"", ""Magenta Carpet"", ""Red Carpet"", ""Green Carpet"", ""Blue Carpet"", ""Light Gray Carpet"", ""Purple Carpet"", ""Yellow Carpet"", ""Lime Carpet"", ""Brown Carpet""]","{""has_alternatives"": true}"
crafting,"[""Magenta Carpet""]","[""Cyan Carpet"", ""Light Blue Carpet"", ""White Carpet"", ""Pink Carpet"", ""Orange Carpet"", ""Gray Carpet"", ""Black Carpet"", ""Magenta Carpet"", ""Red Carpet"", ""Green Carpet"", ""Blue Carpet"", ""Light Gray Carpet"", ""Purple Carpet"", ""Yellow Carpet"", ""Lime Carpet"", ""Brown Carpet""]","{""has_alternatives"": true}"
crafting,"[""Pink Carpet""]","[""Cyan Carpet"", ""Light Blue Carpet"", ""White Carpet"", ""Pink Carpet"", ""Orange Carpet"", ""Gray Carpet"", ""Black Carpet"", ""Magenta Carpet"", ""Red Carpet"", ""Green Carpet"", ""Blue Carpet"", ""Light Gray Carpet"", ""Purple Carpet"", ""Yellow Carpet"", ""Lime Carpet"", ""Brown Carpet""]","{""has_alternatives"": true}"
crafting,"[""Bamboo""]","[""Bamboo Planks""]",{}
crafting,"[""Block of Bamboo""]","[""Bamboo Planks""]","{""has_alternatives"": true}"
crafting,"[""Block of Stripped Bamboo""]","[""Bamboo Planks""]","{""has_alternatives"": true}"
crafting,"[""Chain"", ""Bamboo Planks""]","[""Bamboo Hanging Sign""]",{}
crafting,"[""Chain"", ""Block of Stripped Bamboo""]","[""Bamboo Hanging Sign""]",{}
crafting,"[""Rabbit Hide"", ""String""]","[""Bundle""]",{}
crafting,"[""Leather"", ""String""]","[""Bundle""]",{}
crafting,"[""Chiseled Stone Bricks"", ""Netherite Ingot""]","[""Lodestone""]",{}
crafting,"[""Chiseled Stone Bricks"", ""Iron Ingot""]","[""Lodestone""]",{}
crafting,"[""Slimeball"", ""String""]","[""Lead""]",{}
crafting,"[""String""]","[""Lead""]",{}
crafting,"[""Honeycomb""]","[""Honeycomb Block""]",{}
crafting,"[""Honeycomb""]","[""Honeycomb Block""]",{}
crafting,"[""Bamboo""]","[""Bamboo Planks""]",{}
crafting,"[""Block of Bamboo""]","[""Bamboo Planks""]","{""has_alternatives"": true}"
crafting,"[""Block of Stripped Bamboo""]","[""Bamboo Planks""]","{""has_alternatives"": true}"
crafting,"[""Chain"", ""Bamboo Planks""]","[""Bamboo Hanging Sign""]",{}
crafting,"[""Chain"", ""Block of Stripped Bamboo""]","[""Bamboo Hanging Sign""]",{}
crafting,"[""Wooden Shovel"", ""Oak Planks""]","[""Jungle Boat"", ""Cherry Boat"", ""Birch Boat"", ""Spruce Boat"", ""Acacia Boat"", ""Oak Boat"", ""Mangrove Boat"", ""Dark Oak Boat""]","{""has_alternatives"": true}"
crafting,"[""Wooden Shovel"", ""Spruce Planks""]","[""Jungle Boat"", ""Cherry Boat"", ""Birch Boat"", ""Spruce Boat"", ""Acacia Boat"", ""Oak Boat"", ""Mangrove Boat"", ""Dark Oak Boat""]","{""has_alternatives"": true}"
crafting,"[""Wooden Shovel"", ""Birch Planks""]","[""Jungle Boat"", ""Cherry Boat"", ""Birch Boat"", ""Spruce Boat"", ""Acacia Boat"", ""Oak Boat"", ""Mangrove Boat"", ""Dark Oak Boat""]","{""has_alternatives"": true}"
crafting,"[""Jungle Planks"", ""Wooden Shovel""]","[""Jungle Boat"", ""Cherry Boat"", ""Birch Boat"", ""Spruce Boat"", ""Acacia Boat"", ""Oak Boat"", ""Mangrove Boat"", ""Dark Oak Boat""]","{""has_alternatives"": true}"
crafting,"[""Wooden Shovel"", ""Acacia Planks""]","[""Jungle Boat"", ""Cherry Boat"", ""Birch Boat"", ""Spruce Boat"", ""Acacia Boat"", ""Oak Boat"", ""Mangrove Boat"", ""Dark Oak Boat""]","{""has_alternatives"": true}"
crafting,"[""Dark Oak Planks"", ""Wooden Shovel""]","[""Jungle Boat"", ""Cherry Boat"", ""Birch Boat"", ""Spruce Boat"", ""Acacia Boat"", ""Oak Boat"", ""Mangrove Boat"", ""Dark Oak Boat""]","{""has_alternatives"": true}"
crafting,"[""Wooden Shovel"", ""Mangrove Planks""]","[""Jungle Boat"", ""Cherry Boat"", ""Birch Boat"", ""Spruce Boat"", ""Acacia Boat"", ""Oak Boat"", ""Mangrove Boat"", ""Dark Oak Boat""]","{""has_alternatives"": true}"
crafting,"[""Wooden Shovel"", ""Cherry Planks""]","[""Jungle Boat"", ""Cherry Boat"", ""Birch Boat"", ""Spruce Boat"", ""Acacia Boat"", ""Oak Boat"", ""Mangrove Boat"", ""Dark Oak Boat""]","{""has_alternatives"": true}"
crafting,"[""Oak Planks""]","[""Jungle Boat"", ""Cherry Boat"", ""Birch Boat"", ""Spruce Boat"", ""Acacia Boat"", ""Oak Boat"", ""Mangrove Boat"", ""Dark Oak Boat""]","{""has_alternatives"": true}"
crafting,"[""Spruce Planks""]","[""Jungle Boat"", ""Cherry Boat"", ""Birch Boat"", ""Spruce Boat"", ""Acacia Boat"", ""Oak Boat"", ""Mangrove Boat"", ""Dark Oak Boat""]","{""has_alternatives"": true}"
crafting,"[""Birch Planks""]","[""Jungle Boat"", ""Cherry Boat"", ""Birch Boat"", ""Spruce Boat"", ""Acacia Boat"", ""Oak Boat"", ""Mangrove Boat"", ""Dark Oak Boat""]","{""has_alternatives"": true}"
crafting,"[""Jungle Planks""]","[""Jungle Boat"", ""Cherry Boat"", ""Birch Boat"", ""Spruce Boat"", ""Acacia Boat"", ""Oak Boat"", ""Mangrove Boat"", ""Dark Oak Boat""]","{""has_alternatives"": true}"
crafting,"[""Acacia Planks""]","[""Jungle Boat"", ""Cherry Boat"", ""Birch Boat"", ""Spruce Boat"", ""Acacia Boat"", ""Oak Boat"", ""Mangrove Boat"", ""Dark Oak Boat""]","{""has_alternatives"": true}"
crafting,"[""Dark Oak Planks""]","[""Jungle Boat"", ""Cherry Boat"", ""Birch Boat"", ""Spruce Boat"", ""Acacia Boat"", ""Oak Boat"", ""Mangrove Boat"", ""Dark Oak Boat""]","{""has_alternatives"": true}"
crafting,"[""Mangrove Planks""]","[""Jungle Boat"", ""Cherry Boat"", ""Birch Boat"", ""Spruce Boat"", ""Acacia Boat"", ""Oak Boat"", ""Mangrove Boat"", ""Dark Oak Boat""]","{""has_alternatives"": true}"
crafting,"[""Cherry Planks""]","[""Jungle Boat"", ""Cherry Boat"", ""Birch Boat"", ""Spruce Boat"", ""Acacia Boat"", ""Oak Boat"", ""Mangrove Boat"", ""Dark Oak Boat""]","{""has_alternatives"": true}"
crafting,"[""Oak Slab"", ""Stick""]","[""Barrel""]","{""has_alternatives"": true}"
crafting,"[""Spruce Slab"", ""Stick""]","[""Barrel""]","{""has_alternatives"": true}"
crafting,"[""Acacia Slab"", ""Stick""]","[""Barrel""]","{""has_alternatives"": true}"
crafting,"[""Dark Oak Slab"", ""Stick""]","[""Barrel""]","{""has_alternatives"": true}"
crafting,"[""Birch Slab"", ""Stick""]","[""Barrel""]","{""has_alternatives"": true}"
crafting,"[""Jungle Slab"", ""Stick""]","[""Barrel""]","{""has_alternatives"": true}"
crafting,"[""Oak Planks""]","[""Barrel""]","{""has_alternatives"": true}"
crafting,"[""Spruce Planks""]","[""Barrel""]","{""has_alternatives"": true}"
crafting,"[""Acacia Planks""]","[""Barrel""]","{""has_alternatives"": true}"
crafting,"[""Dark Oak Planks""]","[""Barrel""]","{""has_alternatives"": true}"
crafting,"[""Birch Planks""]","[""Barrel""]","{""has_alternatives"": true}"
crafting,"[""Birch Planks""]","[""Barrel""]","{""has_alternatives"": true}"
crafting,"[""Bamboo Planks"", ""Wooden Shovel""]","[""Bamboo Raft""]",{}
crafting,"[""Bamboo Planks""]","[""Bamboo Raft""]",{}
crafting,"[""Chiseled Stone Bricks"", ""Netherite Ingot""]","[""Lodestone""]",{}
crafting,"[""Chiseled Stone Bricks"", ""Iron Ingot""]","[""Lodestone""]",{}
crafting,"[""Slimeball"", ""String""]","[""Lead""]",{}
crafting,"[""String""]","[""Lead""]",{}
crafting,"[""Fire""]","[""Chainmail Helmet"", ""Chainmail Leggings"", ""Chainmail Chestplate"", ""Chainmail Boots""]","{""has_alternatives"": true}"
crafting,"[""Fire""]","[""Chainmail Helmet"", ""Chainmail Leggings"", ""Chainmail Chestplate"", ""Chainmail Boots""]","{""has_alternatives"": true}"
crafting,"[""Fire""]","[""Chainmail Helmet"", ""Chainmail Leggings"", ""Chainmail Chestplate"", ""Chainmail Boots""]","{""has_alternatives"": true}"
crafting,"[""Apple""]","[""Arrow""]",{}
crafting,"[""Block of Gold"", ""Apple""]","[""Enchanted Golden Apple""]",{}
crafting,"[""Iron Ingot""]","[""Golden Horse Armor"", ""Iron Horse Armor"", ""Diamond Horse Armor""]","{""has_alternatives"": true}"
crafting,"[""Gold Ingot""]","[""Golden Horse Armor"", ""Iron Horse Armor"", ""Diamond Horse Armor""]","{""has_alternatives"": true}"
crafting,"[""Diamond""]","[""Golden Horse Armor"", ""Iron Horse Armor"", ""Diamond Horse Armor""]","{""has_alternatives"": true}"
crafting,"[""Iron Ingot"", ""Leather""]","[""Horse Saddle""]",{}
crafting,"[""Netherite Ingot"", ""Diamond Axe""]","[""Netherite Sword"", ""Netherite Axe"", ""Netherite Hoe"", ""Netherite Pickaxe"", ""Netherite Helmet"", ""Netherite Boots"", ""Netherite Shovel"", ""Netherite Leggings"", ""Netherite Chestplate""]","{""has_alternatives"": true}"
crafting,"[""Netherite Ingot"", ""Diamond Hoe""]","[""Netherite Sword"", ""Netherite Axe"", ""Netherite Hoe"", ""Netherite Pickaxe"", ""Netherite Helmet"", ""Netherite Boots"", ""Netherite Shovel"", ""Netherite Leggings"", ""Netherite Chestplate""]","{""has_alternatives"": true}"
crafting,"[""Netherite Ingot"", ""Diamond Pickaxe""]","[""Netherite Sword"", ""Netherite Axe"", ""Netherite Hoe"", ""Netherite Pickaxe"", ""Netherite Helmet"", ""Netherite Boots"", ""Netherite Shovel"", ""Netherite Leggings"", ""Netherite Chestplate""]","{""has_alternatives"": true}"
crafting,"[""Netherite Ingot"", ""Diamond Shovel""]","[""Netherite Sword"", ""Netherite Axe"", ""Netherite Hoe"", ""Netherite Pickaxe"", ""Netherite Helmet"", ""Netherite Boots"", ""Netherite Shovel"", ""Netherite Leggings"", ""Netherite Chestplate""]","{""has_alternatives"": true}"
crafting,"[""Netherite Ingot"", ""Diamond Sword""]","[""Netherite Sword"", ""Netherite Axe"", ""Netherite Hoe"", ""Netherite Pickaxe"", ""Netherite Helmet"", ""Netherite Boots"", ""Netherite Shovel"", ""Netherite Leggings"", ""Netherite Chestplate""]","{""has_alternatives"": true}"
crafting,"[""Diamond Helmet"", ""Netherite Ingot""]","[""Netherite Sword"", ""Netherite Axe"", ""Netherite Hoe"", ""Netherite Pickaxe"", ""Netherite Helmet"", ""Netherite Boots"", ""Netherite Shovel"", ""Netherite Leggings"", ""Netherite Chestplate""]","{""has_alternatives"": true}"
crafting,"[""Netherite Ingot"", ""Diamond Chestplate""]","[""Netherite Sword"", ""Netherite Axe"", ""Netherite Hoe"", ""Netherite Pickaxe"", ""Netherite Helmet"", ""Netherite Boots"", ""Netherite Shovel"", ""Netherite Leggings"", ""Netherite Chestplate""]","{""has_alternatives"": true}"
crafting,"[""Netherite Ingot"", ""Diamond Leggings""]","[""Netherite Sword"", ""Netherite Axe"", ""Netherite Hoe"", ""Netherite Pickaxe"", ""Netherite Helmet"", ""Netherite Boots"", ""Netherite Shovel"", ""Netherite Leggings"", ""Netherite Chestplate""]","{""has_alternatives"": true}"
crafting,"[""Netherite Ingot"", ""Diamond Boots""]","[""Netherite Sword"", ""Netherite Axe"", ""Netherite Hoe"", ""Netherite Pickaxe"", ""Netherite Helmet"", ""Netherite Boots"", ""Netherite Shovel"", ""Netherite Leggings"", ""Netherite Chestplate""]","{""has_alternatives"": true}"
crafting,"[""Iron Ingot"", ""Diamond""]","[""Nether Reactor Core""]",{}
crafting,"[""Goat Horn"", ""Copper Ingot""]","[""Copper Horn""]",{}
crafting,"[""Rose Red"", ""Ink Sac"", ""Dandelion Yellow""]","[""Cocoa Beans""]","{""has_alternatives"": true}"
crafting,"[""Ink Sac"", ""Orange Dye"", ""Dandelion Yellow""]","[""Cocoa Beans""]","{""has_alternatives"": true}"
crafting,"[""Cobblestone""]","[""Stonecutter""]",{}
crafting,"[""Stone""]","[""Smooth Stone Slab""]","{""has_alternatives"": true}"
crafting,"[""Andesite""]","[""Smooth Stone Slab""]","{""has_alternatives"": true}"
crafting,"[""Granite""]","[""Smooth Stone Slab""]","{""has_alternatives"": true}"
crafting,"[""Diorite""]","[""Smooth Stone Slab""]","{""has_alternatives"": true}"
crafting,"[""Polished Andesite""]","[""Smooth Stone Slab""]","{""has_alternatives"": true}"
crafting,"[""Polished Granite""]","[""Smooth Stone Slab""]","{""has_alternatives"": true}"
crafting,"[""Polished Diorite""]","[""Smooth Stone Slab""]","{""has_alternatives"": true}"
crafting,"[""Stone""]","[""Stone Bricks""]","{""has_alternatives"": true}"
crafting,"[""Andesite""]","[""Stone Bricks""]","{""has_alternatives"": true}"
crafting,"[""Granite""]","[""Stone Bricks""]","{""has_alternatives"": true}"
crafting,"[""Diorite""]","[""Stone Bricks""]","{""has_alternatives"": true}"
crafting,"[""Polished Andesite""]","[""Stone Bricks""]","{""has_alternatives"": true}"
crafting,"[""Polished Granite""]","[""Stone Bricks""]","{""has_alternatives"": true}"
crafting,"[""Polished Diorite""]","[""Stone Bricks""]","{""has_alternatives"": true}"
crafting,"[""Stone"", ""Redstone Dust"", ""Redstone Torch""]","[""Redstone Repeater""]","{""has_alternatives"": true}"
crafting,"[""Andesite"", ""Redstone Dust"", ""Redstone Torch""]","[""Redstone Repeater""]","{""has_alternatives"": true}"
crafting,"[""Granite"", ""Redstone Dust"", ""Redstone Torch""]","[""Redstone Repeater""]","{""has_alternatives"": true}"
crafting,"[""Diorite"", ""Redstone Dust"", ""Redstone Torch""]","[""Redstone Repeater""]","{""has_alternatives"": true}"
crafting,"[""Polished Andesite"", ""Redstone Dust"", ""Redstone Torch""]","[""Redstone Repeater""]","{""has_alternatives"": true}"
crafting,"[""Polished Granite"", ""Redstone Dust"", ""Redstone Torch""]","[""Redstone Repeater""]","{""has_alternatives"": true}"
crafting,"[""Polished Diorite"", ""Redstone Dust"", ""Redstone Torch""]","[""Redstone Repeater""]","{""has_alternatives"": true}"
crafting,"[""Stone"", ""Nether Quartz"", ""Redstone Torch""]","[""Redstone Comparator""]","{""has_alternatives"": true}"
crafting,"[""Andesite"", ""Nether Quartz"", ""Redstone Torch""]","[""Redstone Comparator""]","{""has_alternatives"": true}"
crafting,"[""Granite"", ""Nether Quartz"", ""Redstone Torch""]","[""Redstone Comparator""]","{""has_alternatives"": true}"
crafting,"[""Diorite"", ""Nether Quartz"", ""Redstone Torch""]","[""Redstone Comparator""]","{""has_alternatives"": true}"
crafting,"[""Nether Quartz"", ""Polished Andesite"", ""Redstone Torch""]","[""Redstone Comparator""]","{""has_alternatives"": true}"
crafting,"[""Polished Granite"", ""Nether Quartz"", ""Redstone Torch""]","[""Redstone Comparator""]","{""has_alternatives"": true}"
crafting,"[""Polished Diorite"", ""Nether Quartz"", ""Redstone Torch""]","[""Redstone Comparator""]","{""has_alternatives"": true}"
crafting,"[""Cobweb""]","[""String""]",{}
smithing,"[""Diamond Helmet"", ""Netherite Ingot"", ""Netherite Upgrade""]","[""Netherite Helmet""]",{}
smithing,"[""Netherite Ingot"", ""Netherite Upgrade"", ""Diamond Chestplate""]","[""Netherite Chestplate""]",{}
smithing,"[""Netherite Ingot"", ""Netherite Upgrade"", ""Diamond Leggings""]","[""Netherite Leggings""]",{}
smithing,"[""Netherite Ingot"", ""Netherite Upgrade"", ""Diamond Boots""]","[""Netherite Boots""]",{}
smithing,"[""Netherite Ingot"", ""Netherite Upgrade"", ""Diamond Sword""]","[""Netherite Sword""]",{}
smithing,"[""Netherite Ingot"", ""Netherite Upgrade"", ""Diamond Pickaxe""]","[""Netherite Pickaxe""]",{}
smithing,"[""Netherite Ingot"", ""Netherite Upgrade"", ""Diamond Axe""]","[""Netherite Axe""]",{}
smithing,"[""Netherite Ingot"", ""Netherite Upgrade"", ""Diamond Shovel""]","[""Netherite Shovel""]",{}
smithing,"[""Diamond Hoe"", ""Netherite Upgrade"", ""Netherite Ingot""]","[""Netherite Hoe""]",{}
smithing,"[""Netherite Ingot"", ""Netherite Upgrade"", ""Diamond Spear""]","[""Netherite Spear""]",{}
smithing,"[""Resin Brick"", ""Dune Armor Trim"", ""Diamond"", ""Golden Leggings"", ""Rib Armor Trim"", ""Snout Armor Trim"", ""Copper Boots"", ""Eye Armor Trim"", ""Redstone Dust"", ""Spire Armor Trim"", ""Tide Armor Trim"", ""Shaper Armor Trim"", ""Iron Chestplate"", ""Raiser Armor Trim"", ""Iron Ingot"", ""Nether Quartz"", ""Flow Armor Trim"", ""Emerald"", ""Host Armor Trim"", ""Silence Armor Trim"", ""Turtle Shell"", ""Copper Ingot"", ""Amethyst Shard"", ""Vex Armor Trim"", ""Chainmail Chestplate"", ""Leather Pants"", ""Gold Ingot"", ""Bolt Armor Trim"", ""Coast Armor Trim"", ""Wayfinder Armor Trim"", ""Ward Armor Trim"", ""Diamond Boots"", ""Netherite Helmet"", ""Lapis Lazuli"", ""Netherite Ingot"", ""Sentry Armor Trim"", ""Wild Armor Trim""]","[""Golden Leggings"", ""Diamond Boots"", ""Netherite Helmet"", ""Turtle Shell"", ""Copper Boots"", ""Leather Pants"", ""Chainmail Chestplate"", ""Iron Chestplate""]",{}
stonecutter,"[""Stone""]","[""Stone Brick Stairs"", ""Chiseled Stone Bricks"", ""Stone Slab"", ""Stone Brick Slab"", ""Stone Stairs"", ""Stone Brick Wall"", ""Stone Bricks""]",{}
stonecutter,"[""Cobblestone""]","[""Cobblestone Stairs"", ""Cobblestone Slab"", ""Cobblestone Wall""]",{}
stonecutter,"[""Mossy Cobblestone""]","[""Mossy Cobblestone Wall"", ""Mossy Cobblestone Slab"", ""Mossy Cobblestone Stairs""]",{}
stonecutter,"[""Smooth Stone""]","[""Smooth Stone Slab""]",{}
stonecutter,"[""Stone Bricks""]","[""Stone Brick Wall"", ""Stone Brick Slab"", ""Stone Brick Stairs""]",{}
stonecutter,"[""Stone Bricks""]","[""Chiseled Stone Bricks""]",{}
stonecutter,"[""Mossy Stone Bricks""]","[""Mossy Stone Brick Slab"", ""Mossy Stone Brick Wall"", ""Mossy Stone Brick Stairs""]",{}
stonecutter,"[""Granite""]","[""Polished Granite Stairs"", ""Polished Granite Slab"", ""Granite Wall"", ""Granite Slab"", ""Granite Stairs"", ""Polished Granite""]",{}
stonecutter,"[""Polished Granite""]","[""Polished Granite Stairs"", ""Polished Granite Slab""]",{}
stonecutter,"[""Diorite""]","[""Polished Diorite"", ""Diorite Stairs"", ""Polished Diorite Slab"", ""Diorite Wall"", ""Polished Diorite Stairs"", ""Diorite Slab""]",{}
stonecutter,"[""Polished Diorite""]","[""Polished Diorite Slab"", ""Polished Diorite Stairs""]",{}
stonecutter,"[""Andesite""]","[""Polished Andesite"", ""Polished Andesite Stairs"", ""Andesite Stairs"", ""Polished Andesite Slab"", ""Andesite Wall"", ""Andesite Slab""]",{}
stonecutter,"[""Polished Andesite""]","[""Polished Andesite Stairs"", ""Polished Andesite Slab""]",{}
stonecutter,"[""Cobbled Deepslate""]","[""Chiseled Deepslate"", ""Deepslate Tile Stairs"", ""Polished Deepslate Slab"", ""Deepslate Tile Slab"", ""Deepslate Tile Wall"", ""Polished Deepslate Wall"", ""Deepslate Brick Stairs"", ""Polished Deepslate Stairs"", ""Deepslate Bricks"", ""Polished Deepslate"", ""Deepslate Tiles"", ""Cobbled Deepslate Wall"", ""Deepslate Brick Slab"", ""Deepslate Brick Wall"", ""Cobbled Deepslate Stairs"", ""Cobbled Deepslate Slab""]",{}
stonecutter,"[""Polished Deepslate""]","[""Deepslate Tile Stairs"", ""Polished Deepslate Slab"", ""Deepslate Tile Slab"", ""Polished Deepslate Wall"", ""Deepslate Brick Stairs"", ""Deepslate Bricks"", ""Polished Deepslate Stairs"", ""Deepslate Tiles"", ""Deepslate Brick Slab"", ""Deepslate Brick Wall"", ""Deepslate Tile Wall""]",{}
stonecutter,"[""Deepslate Bricks""]","[""Deepslate Tile Stairs"", ""Deepslate Tile Slab"", ""Deepslate Brick Stairs"", ""Deepslate Tiles"", ""Deepslate Brick Slab"", ""Deepslate Brick Wall"", ""Deepslate Tile Wall""]",{}
stonecutter,"[""Deepslate Tiles""]","[""Deepslate Tile Stairs"", ""Deepslate Tile Slab"", ""Deepslate Tile Wall""]",{}
stonecutter,"[""Tuff""]","[""Polished Tuff"", ""Tuff Stairs"", ""Polished Tuff Stairs"", ""Tuff Brick Wall"", ""Tuff Brick Slab"", ""Chiseled Tuff Bricks"", ""Chiseled Tuff"", ""Polished Tuff Wall"", ""Tuff Brick Stairs"", ""Tuff Slab"", ""Tuff Bricks"", ""Polished Tuff Slab"", ""Tuff Wall""]",{}
stonecutter,"[""Polished Tuff""]","[""Tuff Brick Wall"", ""Polished Tuff Stairs"", ""Chiseled Tuff Bricks"", ""Tuff Brick Slab"", ""Polished Tuff Wall"", ""Tuff Brick Stairs"", ""Tuff Bricks"", ""Polished Tuff Slab""]",{}
stonecutter,"[""Tuff Bricks""]","[""Tuff Brick Wall"", ""Chiseled Tuff Bricks"", ""Tuff Brick Slab"", ""Tuff Brick Stairs"", ""Tuff Bricks""]",{}
stonecutter,"[""Bricks""]","[""Brick Stairs"", ""Brick Wall"", ""Brick Slab""]",{}
stonecutter,"[""Mud Bricks""]","[""Mud Brick Slab"", ""Mud Brick Wall"", ""Mud Brick Stairs""]",{}
stonecutter,"[""Resin Bricks""]","[""Chiseled Resin Bricks"", ""Resin Brick Wall"", ""Resin Brick Stairs"", ""Resin Brick Slab""]",{}
stonecutter,"[""Sandstone""]","[""Sandstone Slab"", ""Sandstone Wall"", ""Cut Sandstone"", ""Sandstone Stairs"", ""Chiseled Sandstone""]",{}
stonecutter,"[""Smooth Sandstone""]","[""Smooth Sandstone Slab"", ""Smooth Sandstone Stairs""]",{}
stonecutter,"[""Cut Sandstone"", ""Sandstone""]","[""Cut Sandstone Slab""]",{}
stonecutter,"[""Red Sandstone""]","[""Red Sandstone Wall"", ""Cut Red Sandstone"", ""Red Sandstone Slab"", ""Chiseled Red Sandstone"", ""Red Sandstone Stairs""]",{}
stonecutter,"[""Smooth Red Sandstone""]","[""Smooth Red Sandstone Slab"", ""Smooth Red Sandstone Stairs""]",{}
stonecutter,"[""Red Sandstone"", ""Cut Red Sandstone""]","[""Cut Red Sandstone Slab""]",{}
stonecutter,"[""Prismarine""]","[""Prismarine Stairs"", ""Prismarine Slab"", ""Prismarine Wall""]",{}
stonecutter,"[""Prismarine Bricks""]","[""Prismarine Brick Slab"", ""Prismarine Brick Stairs""]",{}
stonecutter,"[""Dark Prismarine""]","[""Dark Prismarine Slab"", ""Dark Prismarine Stairs""]",{}
stonecutter,"[""Nether Bricks""]","[""Chiseled Nether Bricks"", ""Nether Brick Wall"", ""Nether Brick Slab"", ""Nether Brick Stairs""]",{}
stonecutter,"[""Red Nether Bricks""]","[""Red Nether Brick Stairs"", ""Red Nether Brick Wall"", ""Red Nether Brick Slab""]",{}
stonecutter,"[""Basalt""]","[""Polished Basalt""]",{}
stonecutter,"[""Blackstone""]","[""Polished Blackstone Wall"", ""Polished Blackstone Brick Stairs"", ""Blackstone Wall"", ""Chiseled Polished Blackstone"", ""Polished Blackstone Brick Wall"", ""Blackstone Slab"", ""Polished Blackstone"", ""Polished Blackstone Slab"", ""Polished Blackstone Brick Slab"", ""Polished Blackstone Stairs"", ""Blackstone Stairs"", ""Polished Blackstone Bricks""]",{}
stonecutter,"[""Polished Blackstone""]","[""Polished Blackstone Wall"", ""Polished Blackstone Brick Stairs"", ""Chiseled Polished Blackstone"", ""Polished Blackstone Brick Wall"", ""Polished Blackstone Slab"", ""Polished Blackstone Brick Slab"", ""Polished Blackstone Stairs"", ""Polished Blackstone Bricks""]",{}
stonecutter,"[""Polished Blackstone Bricks""]","[""Polished Blackstone Brick Wall"", ""Polished Blackstone Brick Stairs"", ""Polished Blackstone Brick Slab""]",{}
stonecutter,"[""End Stone""]","[""End Stone Brick Slab"", ""End Stone Brick Stairs"", ""End Stone Brick Wall"", ""End Stone Bricks""]",{}
stonecutter,"[""End Stone Bricks""]","[""End Stone Brick Slab"", ""End Stone Brick Stairs"", ""End Stone Brick Wall""]",{}
stonecutter,"[""Purpur Block""]","[""Purpur Pillar"", ""Purpur Slab"", ""Purpur Stairs""]",{}
stonecutter,"[""Block of Quartz""]","[""Chiseled Quartz Block"", ""Quartz Slab"", ""Quartz Bricks"", ""Quartz Stairs"", ""Quartz Pillar""]",{}
stonecutter,"[""Smooth Quartz""]","[""Smooth Quartz Slab"", ""Smooth Quartz Stairs""]",{}
stonecutter,"[""Exposed Copper"", ""Oxidized Copper"", ""Waxed Block of Copper"", ""Waxed Weathered Copper"", ""Block of Copper"", ""Waxed Oxidized Copper"", ""Waxed Exposed Copper"", ""Weathered Copper""]","[""Waxed Exposed Cut Copper"", ""Waxed Oxidized Copper Grate"", ""Cut Copper"", ""Waxed Weathered Copper Grate"", ""Waxed Oxidized Cut Copper"", ""Weathered Copper Grate"", ""Oxidized Cut Copper"", ""Waxed Cut Copper"", ""Oxidized Copper Grate"", ""Copper Grate"", ""Exposed Cut Copper"", ""Waxed Copper Grate"", ""Waxed Exposed Copper Grate"", ""Waxed Weathered Cut Copper"", ""Exposed Copper Grate"", ""Weathered Cut Copper""]",{}
stonecutter,"[""Exposed Copper"", ""Oxidized Copper"", ""Waxed Block of Copper"", ""Waxed Weathered Copper"", ""Block of Copper"", ""Waxed Oxidized Copper"", ""Waxed Exposed Copper"", ""Weathered Copper""]","[""Oxidized Cut Copper Stairs"", ""Waxed Oxidized Cut Copper Stairs"", ""Weathered Cut Copper Stairs"", ""Cut Copper Stairs"", ""Chiseled Copper"", ""Waxed Exposed Cut Copper Stairs"", ""Exposed Cut Copper Stairs"", ""Cut Copper Slab"", ""Weathered Cut Copper Slab"", ""Oxidized Cut Copper Slab"", ""Waxed Weathered Cut Copper Slab"", ""Waxed Exposed Chiseled Copper"", ""Oxidized Chiseled Copper"", ""Weathered Chiseled Copper"", ""Waxed Chiseled Copper"", ""Waxed Oxidized Chiseled Copper"", ""Waxed Exposed Cut Copper Slab"", ""Waxed Cut Copper Stairs"", ""Exposed Cut Copper Slab"", ""Waxed Oxidized Cut Copper Slab"", ""Exposed Chiseled Copper"", ""Waxed Weathered Chiseled Copper"", ""Waxed Cut Copper Slab"", ""Waxed Weathered Cut Copper Stairs""]",{}
stonecutter,"[""Waxed Exposed Cut Copper"", ""Cut Copper"", ""Waxed Oxidized Cut Copper"", ""Oxidized Cut Copper"", ""Waxed Cut Copper"", ""Exposed Cut Copper"", ""Waxed Weathered Cut Copper"", ""Weathered Cut Copper""]","[""Oxidized Cut Copper Stairs"", ""Waxed Oxidized Cut Copper Stairs"", ""Weathered Cut Copper Stairs"", ""Cut Copper Stairs"", ""Chiseled Copper"", ""Waxed Exposed Cut Copper Stairs"", ""Exposed Cut Copper Stairs"", ""Cut Copper Slab"", ""Weathered Cut Copper Slab"", ""Oxidized Cut Copper Slab"", ""Waxed Weathered Cut Copper Slab"", ""Waxed Exposed Chiseled Copper"", ""Oxidized Chiseled Copper"", ""Weathered Chiseled Copper"", ""Waxed Chiseled Copper"", ""Waxed Oxidized Chiseled Copper"", ""Waxed Exposed Cut Copper Slab"", ""Waxed Cut Copper Stairs"", ""Exposed Cut Copper Slab"", ""Waxed Oxidized Cut Copper Slab"", ""Exposed Chiseled Copper"", ""Waxed Weathered Chiseled Copper"", ""Waxed Cut Copper Slab"", ""Waxed Weathered Cut Copper Stairs""]",{}
brewing,"[""Nether Wart""]","[""Water Bottle""]",{}
brewing,"[""Stone"", ""Rabbit's Foot"", ""Spider Eye"", ""Blaze Powder"", ""Redstone Dust"", ""Glistering Melon Slice"", ""Breeze Rod"", ""Cobweb"", ""Slime Block"", ""Sugar"", ""Ghast Tear"", ""Magma Cream""]","[""Water Bottle""]",{}
brewing,"[""Glowstone Dust""]","[""Water Bottle""]",{}
brewing,"[""Glistering Melon Slice""]","[""Awkward Potion""]",{}
brewing,"[""Magma Cream""]","[""Awkward Potion""]",{}
brewing,"[""Ghast Tear""]","[""Awkward Potion""]",{}
brewing,"[""Blaze Powder""]","[""Awkward Potion""]",{}
brewing,"[""Sugar""]","[""Awkward Potion""]",{}
brewing,"[""Golden Carrot""]","[""Awkward Potion""]",{}
brewing,"[""Fermented Spider Eye""]","[""Potion of Night Vision""]",{}
brewing,"[""Pufferfish""]","[""Awkward Potion""]",{}
brewing,"[""Rabbit's Foot""]","[""Awkward Potion""]",{}
brewing,"[""Phantom Membrane""]","[""Awkward Potion""]",{}
brewing,"[""Spider Eye""]","[""Awkward Potion""]",{}
brewing,"[""Fermented Spider Eye""]","[""Water Bottle""]",{}
brewing,"[""Fermented Spider Eye""]","[""Potion of Poison"", ""Potion of Healing""]",{}
brewing,"[""Fermented Spider Eye""]","[""Potion of Swiftness"", ""Potion of Leaping""]",{}
brewing,"[""Slime Block""]","[""Awkward Potion""]",{}
brewing,"[""Cobweb""]","[""Awkward Potion""]",{}
brewing,"[""Stone""]","[""Awkward Potion""]",{}
brewing,"[""Breeze Rod""]","[""Awkward Potion""]",{}
brewing,"[""Turtle Shell""]","[""Awkward Potion""]",{}
brewing,"[""Fermented Spider Eye""]","[""Mundane Potion"", ""Awkward Potion"", ""Thick Potion""]",{}
brewing,"[""Fermented Spider Eye""]","[""Potion of Strength""]",{}
brewing,"[""Silver""]","[""Awkward Potion""]",{}
brewing,"[""Cobalt""]","[""Awkward Potion""]",{}
brewing,"[""Calcium""]","[""Awkward Potion""]",{}
brewing,"[""Bismuth""]","[""Awkward Potion""]",{}
composting,"[""Beetroot Seeds""]","[""Bone Meal""]","{""success_rate"": 0.0}"
composting,"[""Beetroot Seeds""]","[""Bone Meal""]","{""success_rate"": 0.0}"
composting,"[""Bush""]","[""Bone Meal""]","{""success_rate"": 0.0}"
composting,"[""Bush""]","[""Bone Meal""]","{""success_rate"": 0.0}"
composting,"[""Cactus Flower""]","[""Bone Meal""]","{""success_rate"": 0.0}"
composting,"[""Cactus Flower""]","[""Bone Meal""]","{""success_rate"": 0.0}"
composting,"[""Dried Kelp""]","[""Bone Meal""]","{""success_rate"": 0.0}"
composting,"[""Dried Kelp""]","[""Bone Meal""]","{""success_rate"": 0.0}"
composting,"[""Firefly Bush""]","[""Bone Meal""]","{""success_rate"": 0.0}"
composting,"[""Firefly Bush""]","[""Bone Meal""]","{""success_rate"": 0.0}"
composting,"[""Glow Berries""]","[""Bone Meal""]","{""success_rate"": 0.0}"
composting,"[""Glow Berries""]","[""Bone Meal""]","{""success_rate"": 0.0}"
composting,"[""Grass Block""]","[""Bone Meal""]","{""success_rate"": 0.0}"
composting,"[""Grass Block""]","[""Bone Meal""]","{""success_rate"": 0.0}"
composting,"[""Bedrock Edition""]","[""Bone Meal""]","{""success_rate"": 0.0}"
composting,"[""Hanging Roots""]","[""Bone Meal""]","{""success_rate"": 0.0}"
composting,"[""Hanging Roots""]","[""Bone Meal""]","{""success_rate"": 0.0}"
composting,"[""Kelp""]","[""Bone Meal""]","{""success_rate"": 0.0}"
composting,"[""Kelp""]","[""Bone Meal""]","{""success_rate"": 0.0}"
composting,"[""Leaves""]","[""Bone Meal""]","{""success_rate"": 0.0}"
composting,"[""Leaves""]","[""Bone Meal""]","{""success_rate"": 0.0}"
composting,"[""Leaf Litter""]","[""Bone Meal""]","{""success_rate"": 0.0}"
composting,"[""Leaf Litter""]","[""Bone Meal""]","{""success_rate"": 0.0}"
composting,"[""Mangrove Propagule""]","[""Bone Meal""]","{""success_rate"": 0.0}"
composting,"[""Mangrove Propagule""]","[""Bone Meal""]","{""success_rate"": 0.0}"
composting,"[""Mangrove Roots""]","[""Bone Meal""]","{""success_rate"": 0.0}"
composting,"[""Mangrove Roots""]","[""Bone Meal""]","{""success_rate"": 0.0}"
composting,"[""Melon Seeds""]","[""Bone Meal""]","{""success_rate"": 0.0}"
composting,"[""Melon Seeds""]","[""Bone Meal""]","{""success_rate"": 0.0}"
composting,"[""Moss Carpet""]","[""Bone Meal""]","{""success_rate"": 0.0}"
composting,"[""Moss Carpet""]","[""Bone Meal""]","{""success_rate"": 0.0}"
composting,"[""Pale Hanging Moss""]","[""Bone Meal""]","{""success_rate"": 0.0}"
composting,"[""Pale Hanging Moss""]","[""Bone Meal""]","{""success_rate"": 0.0}"
composting,"[""Pale Moss Carpet""]","[""Bone Meal""]","{""success_rate"": 0.0}"
composting,"[""Pale Moss Carpet""]","[""Bone Meal""]","{""success_rate"": 0.0}"
composting,"[""Pink Petals""]","[""Bone Meal""]","{""success_rate"": 0.0}"
composting,"[""Pink Petals""]","[""Bone Meal""]","{""success_rate"": 0.0}"
composting,"[""Pitcher Pod""]","[""Bone Meal""]","{""success_rate"": 0.0}"
composting,"[""Pitcher Pod""]","[""Bone Meal""]","{""success_rate"": 0.0}"
composting,"[""Pumpkin Seeds""]","[""Bone Meal""]","{""success_rate"": 0.0}"
composting,"[""Pumpkin Seeds""]","[""Bone Meal""]","{""success_rate"": 0.0}"
composting,"[""Saplings""]","[""Bone Meal""]","{""success_rate"": 0.0}"
composting,"[""Saplings""]","[""Bone Meal""]","{""success_rate"": 0.0}"
composting,"[""Seagrass""]","[""Bone Meal""]","{""success_rate"": 0.0}"
composting,"[""Seagrass""]","[""Bone Meal""]","{""success_rate"": 0.0}"
composting,"[""Short Grass""]","[""Bone Meal""]","{""success_rate"": 0.0}"
composting,"[""Short Grass""]","[""Bone Meal""]","{""success_rate"": 0.0}"
composting,"[""Short Dry Grass""]","[""Bone Meal""]","{""success_rate"": 0.0}"
composting,"[""Short Dry Grass""]","[""Bone Meal""]","{""success_rate"": 0.0}"
composting,"[""Small Dripleaf""]","[""Bone Meal""]","{""success_rate"": 0.0}"
composting,"[""Small Dripleaf""]","[""Bone Meal""]","{""success_rate"": 0.0}"
composting,"[""Sweet Berries""]","[""Bone Meal""]","{""success_rate"": 0.0}"
composting,"[""Sweet Berries""]","[""Bone Meal""]","{""success_rate"": 0.0}"
composting,"[""Tall Dry Grass""]","[""Bone Meal""]","{""success_rate"": 0.0}"
composting,"[""Tall Dry Grass""]","[""Bone Meal""]","{""success_rate"": 0.0}"
composting,"[""Torchflower Seeds""]","[""Bone Meal""]","{""success_rate"": 0.0}"
composting,"[""Torchflower Seeds""]","[""Bone Meal""]","{""success_rate"": 0.0}"
composting,"[""Wheat Seeds""]","[""Bone Meal""]","{""success_rate"": 0.0}"
composting,"[""Wheat Seeds""]","[""Bone Meal""]","{""success_rate"": 0.0}"
composting,"[""Wildflowers""]","[""Bone Meal""]","{""success_rate"": 0.0}"
composting,"[""Wildflowers""]","[""Bone Meal""]","{""success_rate"": 0.0}"
composting,"[""Bone Meal""]","[""Bone Meal""]","{""success_rate"": 0.0}"
mob_drop,"[""Zombie""]","[""Rotten Flesh""]","{""probability"": 1.0}"
mob_drop,"[""Zombie""]","[""Iron Ingot""]","{""probability"": 1.0}"
mob_drop,"[""Zombie""]","[""Carrot""]","{""probability"": 1.0}"
mob_drop,"[""Zombie""]","[""Potato""]","{""probability"": 1.0}"
mob_drop,"[""Zombie""]","[""Baked Potato""]","{""probability"": 1.0}"
mob_drop,"[""Zombie""]","[""Zombie Head""]","{""probability"": 1.0}"
mob_drop,"[""Zombie""]","[""Music Disc Lava Chicken""]","{""probability"": 1.0}"
mob_drop,"[""Pig""]","[""Raw Porkchop""]","{""probability"": 1.0}"
mob_drop,"[""Pig""]","[""Cooked Porkchop""]","{""probability"": 1.0}"
mob_drop,"[""Creeper""]","[""Gunpowder""]","{""probability"": 1.0}"
mob_drop,"[""Creeper""]","[""Music Disc""]","{""probability"": 1.0}"
mob_drop,"[""Creeper""]","[""Creeper Head""]","{""probability"": 1.0}"
mob_drop,"[""Skeleton""]","[""Bone""]","{""probability"": 1.0}"
mob_drop,"[""Skeleton""]","[""Arrow""]","{""probability"": 1.0}"
mob_drop,"[""Skeleton""]","[""Skeleton Skull""]","{""probability"": 1.0}"
mob_drop,"[""Cow""]","[""Raw Beef""]","{""probability"": 1.0}"
mob_drop,"[""Cow""]","[""Steak""]","{""probability"": 1.0}"
mob_drop,"[""Cow""]","[""Leather""]","{""probability"": 1.0}"
